Loan_ID,Gender_Male,Married,Graduate,Self_Employed,ApplicantIncome,CoapplicantIncome,LoanAmount,Loan_Amount_Term,Credit_History,Eligible,Rural_Property,Semiurban_Property,Urban_Property,Dependents_0,Dependents_1,Dependents_2,Dependents_3,timestamp
LP001002,1,0,1,0,5849,0.0,128.0,360.0,1,1,0,0,1,1,0,0,0,2021-12-30 12:07:08.476791
LP001003,1,1,1,0,4583,1508.0,128.0,360.0,1,0,1,0,0,0,1,0,0,2021-12-31 12:07:08.476791
LP001005,1,1,1,1,3000,0.0,66.0,360.0,1,1,0,0,1,1,0,0,0,2022-01-01 12:07:08.476791
LP001006,1,1,0,0,2583,2358.0,120.0,360.0,1,1,0,0,1,1,0,0,0,2022-01-02 12:07:08.476791
LP001008,1,0,1,0,6000,0.0,141.0,360.0,1,1,0,0,1,1,0,0,0,2022-01-03 12:07:08.476791
LP001011,1,1,1,1,5417,4196.0,267.0,360.0,1,1,0,0,1,0,0,1,0,2022-01-04 12:07:08.476791
LP001013,1,1,0,0,2333,1516.0,95.0,360.0,1,1,0,0,1,1,0,0,0,2022-01-05 12:07:08.476791
LP001014,1,1,1,0,3036,2504.0,158.0,360.0,0,0,0,1,0,0,0,0,1,2022-01-06 12:07:08.476791
LP001018,1,1,1,0,4006,1526.0,168.0,360.0,1,1,0,0,1,0,0,1,0,2022-01-07 12:07:08.476791
LP001020,1,1,1,0,12841,10968.0,349.0,360.0,1,0,0,1,0,0,1,0,0,2022-01-08 12:07:08.476791
LP001024,1,1,1,0,3200,700.0,70.0,360.0,1,1,0,0,1,0,0,1,0,2022-01-09 12:07:08.476791
LP001027,1,1,1,0,2500,1840.0,109.0,360.0,1,1,0,0,1,0,0,1,0,2022-01-10 12:07:08.476791
LP001028,1,1,1,0,3073,8106.0,200.0,360.0,1,1,0,0,1,0,0,1,0,2022-01-11 12:07:08.476791
LP001029,1,0,1,0,1853,2840.0,114.0,360.0,1,0,1,0,0,1,0,0,0,2022-01-12 12:07:08.476791
LP001030,1,1,1,0,1299,1086.0,17.0,120.0,1,1,0,0,1,0,0,1,0,2022-01-13 12:07:08.476791
LP001032,1,0,1,0,4950,0.0,125.0,360.0,1,1,0,0,1,1,0,0,0,2022-01-14 12:07:08.476791
LP001034,1,0,0,0,3596,0.0,100.0,240.0,1,1,0,0,1,0,1,0,0,2022-01-15 12:07:08.476791
LP001036,0,0,1,0,3510,0.0,76.0,360.0,0,0,0,0,1,1,0,0,0,2022-01-16 12:07:08.476791
LP001038,1,1,0,0,4887,0.0,133.0,360.0,1,0,1,0,0,1,0,0,0,2022-01-17 12:07:08.476791
LP001041,1,1,1,0,2600,3500.0,115.0,360.0,1,1,0,0,1,1,0,0,0,2022-01-18 12:07:08.476791
LP001043,1,1,0,0,7660,0.0,104.0,360.0,0,0,0,0,1,1,0,0,0,2022-01-19 12:07:08.476791
LP001046,1,1,1,0,5955,5625.0,315.0,360.0,1,1,0,0,1,0,1,0,0,2022-01-20 12:07:08.476791
LP001047,1,1,0,0,2600,1911.0,116.0,360.0,0,0,0,1,0,1,0,0,0,2022-01-21 12:07:08.476791
LP001050,1,1,0,0,3365,1917.0,112.0,360.0,0,0,1,0,0,0,0,1,0,2022-01-22 12:07:08.476791
LP001052,1,1,1,0,3717,2925.0,151.0,360.0,1,0,0,1,0,0,1,0,0,2022-01-23 12:07:08.476791
LP001066,1,1,1,1,9560,0.0,191.0,360.0,1,1,0,1,0,1,0,0,0,2022-01-24 12:07:08.476791
LP001068,1,1,1,0,2799,2253.0,122.0,360.0,1,1,0,1,0,1,0,0,0,2022-01-25 12:07:08.476791
LP001073,1,1,0,0,4226,1040.0,110.0,360.0,1,1,0,0,1,0,0,1,0,2022-01-26 12:07:08.476791
LP001086,1,0,0,0,1442,0.0,35.0,360.0,1,0,0,0,1,1,0,0,0,2022-01-27 12:07:08.476791
LP001087,0,0,1,0,3750,2083.0,120.0,360.0,1,1,0,1,0,0,0,1,0,2022-01-28 12:07:08.476791
LP001091,1,1,1,0,4166,3369.0,201.0,360.0,1,0,0,0,1,0,1,0,0,2022-01-29 12:07:08.476791
LP001095,1,0,1,0,3167,0.0,74.0,360.0,1,0,0,0,1,1,0,0,0,2022-01-30 12:07:08.476791
LP001097,1,0,1,1,4692,0.0,106.0,360.0,1,0,1,0,0,0,1,0,0,2022-01-31 12:07:08.476791
LP001098,1,1,1,0,3500,1667.0,114.0,360.0,1,1,0,1,0,1,0,0,0,2022-02-01 12:07:08.476791
LP001100,1,0,1,0,12500,3000.0,320.0,360.0,1,0,1,0,0,0,0,0,1,2022-02-02 12:07:08.476791
LP001106,1,1,1,0,2275,2067.0,128.0,360.0,1,1,0,0,1,1,0,0,0,2022-02-03 12:07:08.476791
LP001109,1,1,1,0,1828,1330.0,100.0,360.0,0,0,0,0,1,1,0,0,0,2022-02-04 12:07:08.476791
LP001112,0,1,1,0,3667,1459.0,144.0,360.0,1,1,0,1,0,1,0,0,0,2022-02-05 12:07:08.476791
LP001114,1,0,1,0,4166,7210.0,184.0,360.0,1,1,0,0,1,1,0,0,0,2022-02-06 12:07:08.476791
LP001116,1,0,0,0,3748,1668.0,110.0,360.0,1,1,0,1,0,1,0,0,0,2022-02-07 12:07:08.476791
LP001119,1,0,1,0,3600,0.0,80.0,360.0,1,0,0,0,1,1,0,0,0,2022-02-08 12:07:08.476791
LP001120,1,0,1,0,1800,1213.0,47.0,360.0,1,1,0,0,1,1,0,0,0,2022-02-09 12:07:08.476791
LP001123,1,1,1,0,2400,0.0,75.0,360.0,1,1,0,0,1,1,0,0,0,2022-02-10 12:07:08.476791
LP001131,1,1,1,0,3941,2336.0,134.0,360.0,1,1,0,1,0,1,0,0,0,2022-02-11 12:07:08.476791
LP001136,1,1,0,1,4695,0.0,96.0,360.0,1,1,0,0,1,1,0,0,0,2022-02-12 12:07:08.476791
LP001137,0,0,1,0,3410,0.0,88.0,360.0,1,1,0,0,1,1,0,0,0,2022-02-13 12:07:08.476791
LP001138,1,1,1,0,5649,0.0,44.0,360.0,1,1,0,0,1,0,1,0,0,2022-02-14 12:07:08.476791
LP001144,1,1,1,0,5821,0.0,144.0,360.0,1,1,0,0,1,1,0,0,0,2022-02-15 12:07:08.476791
LP001146,0,1,1,0,2645,3440.0,120.0,360.0,0,0,0,0,1,1,0,0,0,2022-02-16 12:07:08.476791
LP001151,0,0,1,0,4000,2275.0,144.0,360.0,1,1,0,1,0,1,0,0,0,2022-02-17 12:07:08.476791
LP001155,0,1,0,0,1928,1644.0,100.0,360.0,1,1,0,1,0,1,0,0,0,2022-02-18 12:07:08.476791
LP001157,0,0,1,0,3086,0.0,120.0,360.0,1,1,0,1,0,1,0,0,0,2022-02-19 12:07:08.476791
LP001164,0,0,1,0,4230,0.0,112.0,360.0,1,0,0,1,0,1,0,0,0,2022-02-20 12:07:08.476791
LP001179,1,1,1,0,4616,0.0,134.0,360.0,1,0,0,0,1,0,0,1,0,2022-02-21 12:07:08.476791
LP001186,0,1,1,1,11500,0.0,286.0,360.0,0,0,0,0,1,0,1,0,0,2022-02-22 12:07:08.476791
LP001194,1,1,1,0,2708,1167.0,97.0,360.0,1,1,0,1,0,0,0,1,0,2022-02-23 12:07:08.476791
LP001195,1,1,1,0,2132,1591.0,96.0,360.0,1,1,0,1,0,1,0,0,0,2022-02-24 12:07:08.476791
LP001197,1,1,1,0,3366,2200.0,135.0,360.0,1,0,1,0,0,1,0,0,0,2022-02-25 12:07:08.476791
LP001198,1,1,1,0,8080,2250.0,180.0,360.0,1,1,0,0,1,0,1,0,0,2022-02-26 12:07:08.476791
LP001199,1,1,0,0,3357,2859.0,144.0,360.0,1,1,0,0,1,0,0,1,0,2022-02-27 12:07:08.476791
LP001205,1,1,1,0,2500,3796.0,120.0,360.0,1,1,0,0,1,1,0,0,0,2022-02-28 12:07:08.476791
LP001206,1,1,1,0,3029,0.0,99.0,360.0,1,1,0,0,1,0,0,0,1,2022-03-01 12:07:08.476791
LP001207,1,1,0,1,2609,3449.0,165.0,180.0,0,0,1,0,0,1,0,0,0,2022-03-02 12:07:08.476791
LP001213,1,1,1,0,4945,0.0,128.0,360.0,0,0,1,0,0,0,1,0,0,2022-03-03 12:07:08.476791
LP001222,0,0,1,0,4166,0.0,116.0,360.0,0,0,0,1,0,1,0,0,0,2022-03-04 12:07:08.476791
LP001225,1,1,1,0,5726,4595.0,258.0,360.0,1,0,0,1,0,1,0,0,0,2022-03-05 12:07:08.476791
LP001228,1,0,0,0,3200,2254.0,126.0,180.0,0,0,0,0,1,1,0,0,0,2022-03-06 12:07:08.476791
LP001233,1,1,1,0,10750,0.0,312.0,360.0,1,1,0,0,1,0,1,0,0,2022-03-07 12:07:08.476791
LP001238,1,1,0,1,7100,0.0,125.0,60.0,1,1,0,0,1,0,0,0,1,2022-03-08 12:07:08.476791
LP001241,0,0,1,0,4300,0.0,136.0,360.0,0,0,0,1,0,1,0,0,0,2022-03-09 12:07:08.476791
LP001243,1,1,1,0,3208,3066.0,172.0,360.0,1,1,0,0,1,1,0,0,0,2022-03-10 12:07:08.476791
LP001245,1,1,0,1,1875,1875.0,97.0,360.0,1,1,0,1,0,0,0,1,0,2022-03-11 12:07:08.476791
LP001248,1,0,1,0,3500,0.0,81.0,300.0,1,1,0,1,0,1,0,0,0,2022-03-12 12:07:08.476791
LP001250,1,1,0,0,4755,0.0,95.0,360.0,0,0,0,1,0,0,0,0,1,2022-03-13 12:07:08.476791
LP001253,1,1,1,1,5266,1774.0,187.0,360.0,1,1,0,1,0,0,0,0,1,2022-03-14 12:07:08.476791
LP001255,1,0,1,0,3750,0.0,113.0,480.0,1,0,0,0,1,1,0,0,0,2022-03-15 12:07:08.476791
LP001256,1,0,1,0,3750,4750.0,176.0,360.0,1,0,0,0,1,1,0,0,0,2022-03-16 12:07:08.476791
LP001259,1,1,1,1,1000,3022.0,110.0,360.0,1,0,0,0,1,0,1,0,0,2022-03-17 12:07:08.476791
LP001263,1,1,1,0,3167,4000.0,180.0,300.0,0,0,0,1,0,0,0,0,1,2022-03-18 12:07:08.476791
LP001264,1,1,0,1,3333,2166.0,130.0,360.0,1,1,0,1,0,0,0,0,1,2022-03-19 12:07:08.476791
LP001265,0,0,1,0,3846,0.0,111.0,360.0,1,1,0,1,0,1,0,0,0,2022-03-20 12:07:08.476791
LP001266,1,1,1,1,2395,0.0,128.0,360.0,1,1,0,1,0,0,1,0,0,2022-03-21 12:07:08.476791
LP001267,0,1,1,0,1378,1881.0,167.0,360.0,1,0,0,0,1,0,0,1,0,2022-03-22 12:07:08.476791
LP001273,1,1,1,0,6000,2250.0,265.0,360.0,1,0,0,1,0,1,0,0,0,2022-03-23 12:07:08.476791
LP001275,1,1,1,0,3988,0.0,50.0,240.0,1,1,0,0,1,0,1,0,0,2022-03-24 12:07:08.476791
LP001279,1,0,1,0,2366,2531.0,136.0,360.0,1,1,0,1,0,1,0,0,0,2022-03-25 12:07:08.476791
LP001280,1,1,0,0,3333,2000.0,99.0,360.0,1,1,0,1,0,0,0,1,0,2022-03-26 12:07:08.476791
LP001282,1,1,1,0,2500,2118.0,104.0,360.0,1,1,0,1,0,1,0,0,0,2022-03-27 12:07:08.476791
LP001289,1,0,1,0,8566,0.0,210.0,360.0,1,1,0,0,1,1,0,0,0,2022-03-28 12:07:08.476791
LP001310,1,1,1,0,5695,4167.0,175.0,360.0,1,1,0,1,0,1,0,0,0,2022-03-29 12:07:08.476791
LP001316,1,1,1,0,2958,2900.0,131.0,360.0,1,1,0,1,0,1,0,0,0,2022-03-30 12:07:08.476791
LP001318,1,1,1,0,6250,5654.0,188.0,180.0,1,1,0,1,0,0,0,1,0,2022-03-31 12:07:08.476791
LP001319,1,1,0,0,3273,1820.0,81.0,360.0,1,1,0,0,1,0,0,1,0,2022-04-01 12:07:08.476791
LP001322,1,0,1,0,4133,0.0,122.0,360.0,1,1,0,1,0,1,0,0,0,2022-04-02 12:07:08.476791
LP001325,1,0,0,0,3620,0.0,25.0,120.0,1,1,0,1,0,1,0,0,0,2022-04-03 12:07:08.476791
LP001326,1,0,1,0,6782,0.0,128.0,360.0,1,0,0,0,1,1,0,0,0,2022-04-04 12:07:08.476791
LP001327,0,1,1,0,2484,2302.0,137.0,360.0,1,1,0,1,0,1,0,0,0,2022-04-05 12:07:08.476791
LP001333,1,1,1,0,1977,997.0,50.0,360.0,1,1,0,1,0,1,0,0,0,2022-04-06 12:07:08.476791
LP001334,1,1,0,0,4188,0.0,115.0,180.0,1,1,0,1,0,1,0,0,0,2022-04-07 12:07:08.476791
LP001343,1,1,1,0,1759,3541.0,131.0,360.0,1,1,0,1,0,1,0,0,0,2022-04-08 12:07:08.476791
LP001345,1,1,0,0,4288,3263.0,133.0,180.0,1,1,0,0,1,0,0,1,0,2022-04-09 12:07:08.476791
LP001349,1,0,1,0,4843,3806.0,151.0,360.0,1,1,0,1,0,1,0,0,0,2022-04-10 12:07:08.476791
LP001350,1,1,1,0,13650,0.0,128.0,360.0,1,1,0,0,1,1,0,0,0,2022-04-11 12:07:08.476791
LP001356,1,1,1,0,4652,3583.0,128.0,360.0,1,1,0,1,0,1,0,0,0,2022-04-12 12:07:08.476791
LP001357,1,1,1,0,3816,754.0,160.0,360.0,1,1,0,0,1,1,0,0,0,2022-04-13 12:07:08.476791
LP001367,1,1,1,0,3052,1030.0,100.0,360.0,1,1,0,0,1,0,1,0,0,2022-04-14 12:07:08.476791
LP001369,1,1,1,0,11417,1126.0,225.0,360.0,1,1,0,0,1,0,0,1,0,2022-04-15 12:07:08.476791
LP001370,1,0,0,0,7333,0.0,120.0,360.0,1,0,1,0,0,1,0,0,0,2022-04-16 12:07:08.476791
LP001379,1,1,1,0,3800,3600.0,216.0,360.0,0,0,0,0,1,0,0,1,0,2022-04-17 12:07:08.476791
LP001384,1,1,0,0,2071,754.0,94.0,480.0,1,1,0,1,0,0,0,0,1,2022-04-18 12:07:08.476791
LP001385,1,0,1,0,5316,0.0,136.0,360.0,1,1,0,0,1,1,0,0,0,2022-04-19 12:07:08.476791
LP001387,0,1,1,0,2929,2333.0,139.0,360.0,1,1,0,1,0,1,0,0,0,2022-04-20 12:07:08.476791
LP001391,1,1,0,0,3572,4114.0,152.0,360.0,0,0,1,0,0,1,0,0,0,2022-04-21 12:07:08.476791
LP001392,0,0,1,1,7451,0.0,128.0,360.0,1,1,0,1,0,0,1,0,0,2022-04-22 12:07:08.476791
LP001398,1,0,1,0,5050,0.0,118.0,360.0,1,1,0,1,0,1,0,0,0,2022-04-23 12:07:08.476791
LP001401,1,1,1,0,14583,0.0,185.0,180.0,1,1,1,0,0,0,1,0,0,2022-04-24 12:07:08.476791
LP001404,0,1,1,0,3167,2283.0,154.0,360.0,1,1,0,1,0,1,0,0,0,2022-04-25 12:07:08.476791
LP001405,1,1,1,0,2214,1398.0,85.0,360.0,1,1,0,0,1,0,1,0,0,2022-04-26 12:07:08.476791
LP001421,1,1,1,0,5568,2142.0,175.0,360.0,1,0,1,0,0,1,0,0,0,2022-04-27 12:07:08.476791
LP001422,0,0,1,0,10408,0.0,259.0,360.0,1,1,0,0,1,1,0,0,0,2022-04-28 12:07:08.476791
LP001426,1,1,1,0,5667,2667.0,180.0,360.0,1,1,1,0,0,1,0,0,0,2022-04-29 12:07:08.476791
LP001430,0,0,1,0,4166,0.0,44.0,360.0,1,1,0,1,0,1,0,0,0,2022-04-30 12:07:08.476791
LP001431,0,0,1,0,2137,8980.0,137.0,360.0,0,1,0,1,0,1,0,0,0,2022-05-01 12:07:08.476791
LP001432,1,1,1,0,2957,0.0,81.0,360.0,1,1,0,1,0,0,0,1,0,2022-05-02 12:07:08.476791
LP001439,1,1,0,0,4300,2014.0,194.0,360.0,1,1,1,0,0,1,0,0,0,2022-05-03 12:07:08.476791
LP001443,0,0,1,0,3692,0.0,93.0,360.0,1,1,1,0,0,1,0,0,0,2022-05-04 12:07:08.476791
LP001448,1,1,1,0,23803,0.0,370.0,360.0,1,1,1,0,0,0,0,0,1,2022-05-05 12:07:08.476791
LP001449,1,0,1,0,3865,1640.0,128.0,360.0,1,1,1,0,0,1,0,0,0,2022-05-06 12:07:08.476791
LP001451,1,1,1,1,10513,3850.0,160.0,180.0,0,0,0,0,1,0,1,0,0,2022-05-07 12:07:08.476791
LP001465,1,1,1,0,6080,2569.0,182.0,360.0,1,0,1,0,0,1,0,0,0,2022-05-08 12:07:08.476791
LP001469,1,0,1,1,20166,0.0,650.0,480.0,1,1,0,0,1,1,0,0,0,2022-05-09 12:07:08.476791
LP001473,1,0,1,0,2014,1929.0,74.0,360.0,1,1,0,0,1,1,0,0,0,2022-05-10 12:07:08.476791
LP001478,1,0,1,0,2718,0.0,70.0,360.0,1,1,0,1,0,1,0,0,0,2022-05-11 12:07:08.476791
LP001482,1,1,1,1,3459,0.0,25.0,120.0,1,1,0,1,0,1,0,0,0,2022-05-12 12:07:08.476791
LP001487,1,0,1,0,4895,0.0,102.0,360.0,1,1,0,1,0,1,0,0,0,2022-05-13 12:07:08.476791
LP001488,1,1,1,0,4000,7750.0,290.0,360.0,1,0,0,1,0,0,0,0,1,2022-05-14 12:07:08.476791
LP001489,0,1,1,0,4583,0.0,84.0,360.0,1,0,1,0,0,1,0,0,0,2022-05-15 12:07:08.476791
LP001491,1,1,1,1,3316,3500.0,88.0,360.0,1,1,0,0,1,0,0,1,0,2022-05-16 12:07:08.476791
LP001492,1,0,1,0,14999,0.0,242.0,360.0,0,0,0,1,0,1,0,0,0,2022-05-17 12:07:08.476791
LP001493,1,1,0,0,4200,1430.0,129.0,360.0,1,0,1,0,0,0,0,1,0,2022-05-18 12:07:08.476791
LP001497,1,1,1,0,5042,2083.0,185.0,360.0,1,0,1,0,0,0,0,1,0,2022-05-19 12:07:08.476791
LP001498,1,0,1,0,5417,0.0,168.0,360.0,1,1,0,0,1,1,0,0,0,2022-05-20 12:07:08.476791
LP001504,1,0,1,1,6950,0.0,175.0,180.0,1,1,0,1,0,1,0,0,0,2022-05-21 12:07:08.476791
LP001507,1,1,1,0,2698,2034.0,122.0,360.0,1,1,0,1,0,1,0,0,0,2022-05-22 12:07:08.476791
LP001508,1,1,1,0,11757,0.0,187.0,180.0,1,1,0,0,1,0,0,1,0,2022-05-23 12:07:08.476791
LP001514,0,1,1,0,2330,4486.0,100.0,360.0,1,1,0,1,0,1,0,0,0,2022-05-24 12:07:08.476791
LP001516,0,1,1,0,14866,0.0,70.0,360.0,1,1,0,0,1,0,0,1,0,2022-05-25 12:07:08.476791
LP001518,1,1,1,0,1538,1425.0,30.0,360.0,1,1,0,0,1,0,1,0,0,2022-05-26 12:07:08.476791
LP001519,0,0,1,0,10000,1666.0,225.0,360.0,1,0,1,0,0,1,0,0,0,2022-05-27 12:07:08.476791
LP001520,1,1,1,0,4860,830.0,125.0,360.0,1,1,0,1,0,1,0,0,0,2022-05-28 12:07:08.476791
LP001528,1,0,1,0,6277,0.0,118.0,360.0,0,0,1,0,0,1,0,0,0,2022-05-29 12:07:08.476791
LP001529,1,1,1,1,2577,3750.0,152.0,360.0,1,1,1,0,0,1,0,0,0,2022-05-30 12:07:08.476791
LP001531,1,0,1,0,9166,0.0,244.0,360.0,1,0,0,0,1,1,0,0,0,2022-05-31 12:07:08.476791
LP001532,1,1,0,0,2281,0.0,113.0,360.0,1,0,1,0,0,0,0,1,0,2022-06-01 12:07:08.476791
LP001535,1,0,1,0,3254,0.0,50.0,360.0,1,1,0,0,1,1,0,0,0,2022-06-02 12:07:08.476791
LP001536,1,1,1,0,39999,0.0,600.0,180.0,0,1,0,1,0,0,0,0,1,2022-06-03 12:07:08.476791
LP001541,1,1,1,0,6000,0.0,160.0,360.0,1,1,1,0,0,0,1,0,0,2022-06-04 12:07:08.476791
LP001543,1,1,1,0,9538,0.0,187.0,360.0,1,1,0,0,1,0,1,0,0,2022-06-05 12:07:08.476791
LP001546,1,0,1,0,2980,2083.0,120.0,360.0,1,1,1,0,0,1,0,0,0,2022-06-06 12:07:08.476791
LP001552,1,1,1,0,4583,5625.0,255.0,360.0,1,1,0,1,0,1,0,0,0,2022-06-07 12:07:08.476791
LP001560,1,1,0,0,1863,1041.0,98.0,360.0,1,1,0,1,0,1,0,0,0,2022-06-08 12:07:08.476791
LP001562,1,1,1,0,7933,0.0,275.0,360.0,1,0,0,0,1,1,0,0,0,2022-06-09 12:07:08.476791
LP001565,1,1,1,0,3089,1280.0,121.0,360.0,0,0,0,1,0,0,1,0,0,2022-06-10 12:07:08.476791
LP001570,1,1,1,0,4167,1447.0,158.0,360.0,1,1,1,0,0,0,0,1,0,2022-06-11 12:07:08.476791
LP001572,1,1,1,0,9323,0.0,75.0,180.0,1,1,0,0,1,1,0,0,0,2022-06-12 12:07:08.476791
LP001574,1,1,1,0,3707,3166.0,182.0,360.0,1,1,1,0,0,1,0,0,0,2022-06-13 12:07:08.476791
LP001577,0,1,1,0,4583,0.0,112.0,360.0,1,0,1,0,0,1,0,0,0,2022-06-14 12:07:08.476791
LP001578,1,1,1,0,2439,3333.0,129.0,360.0,1,1,1,0,0,1,0,0,0,2022-06-15 12:07:08.476791
LP001579,1,0,1,0,2237,0.0,63.0,480.0,0,0,0,1,0,1,0,0,0,2022-06-16 12:07:08.476791
LP001580,1,1,1,0,8000,0.0,200.0,360.0,1,1,0,1,0,0,0,1,0,2022-06-17 12:07:08.476791
LP001581,1,1,0,0,1820,1769.0,95.0,360.0,1,1,1,0,0,1,0,0,0,2022-06-18 12:07:08.476791
LP001585,1,1,1,0,51763,0.0,700.0,300.0,1,1,0,0,1,0,0,0,1,2022-06-19 12:07:08.476791
LP001586,1,1,0,0,3522,0.0,81.0,180.0,1,0,1,0,0,0,0,0,1,2022-06-20 12:07:08.476791
LP001594,1,1,1,0,5708,5625.0,187.0,360.0,1,1,0,1,0,1,0,0,0,2022-06-21 12:07:08.476791
LP001603,1,1,0,1,4344,736.0,87.0,360.0,1,0,0,1,0,1,0,0,0,2022-06-22 12:07:08.476791
LP001606,1,1,1,0,3497,1964.0,116.0,360.0,1,1,1,0,0,1,0,0,0,2022-06-23 12:07:08.476791
LP001608,1,1,1,0,2045,1619.0,101.0,360.0,1,1,1,0,0,0,0,1,0,2022-06-24 12:07:08.476791
LP001610,1,1,1,0,5516,11300.0,495.0,360.0,0,0,0,1,0,0,0,0,1,2022-06-25 12:07:08.476791
LP001616,1,1,1,0,3750,0.0,116.0,360.0,1,1,0,1,0,0,1,0,0,2022-06-26 12:07:08.476791
LP001630,1,0,0,0,2333,1451.0,102.0,480.0,0,0,0,0,1,1,0,0,0,2022-06-27 12:07:08.476791
LP001633,1,1,1,0,6400,7250.0,180.0,360.0,0,0,0,0,1,0,1,0,0,2022-06-28 12:07:08.476791
LP001634,1,0,1,0,1916,5063.0,67.0,360.0,1,0,1,0,0,1,0,0,0,2022-06-29 12:07:08.476791
LP001636,1,1,1,0,4600,0.0,73.0,180.0,1,1,0,1,0,1,0,0,0,2022-06-30 12:07:08.476791
LP001637,1,1,1,0,33846,0.0,260.0,360.0,1,0,0,1,0,0,1,0,0,2022-07-01 12:07:08.476791
LP001639,0,1,1,0,3625,0.0,108.0,360.0,1,1,0,1,0,1,0,0,0,2022-07-02 12:07:08.476791
LP001640,1,1,1,1,39147,4750.0,120.0,360.0,1,1,0,1,0,1,0,0,0,2022-07-03 12:07:08.476791
LP001641,1,1,1,1,2178,0.0,66.0,300.0,0,0,1,0,0,0,1,0,0,2022-07-04 12:07:08.476791
LP001643,1,1,1,0,2383,2138.0,58.0,360.0,1,1,1,0,0,1,0,0,0,2022-07-05 12:07:08.476791
LP001644,1,1,1,1,674,5296.0,168.0,360.0,1,1,1,0,0,1,0,0,0,2022-07-06 12:07:08.476791
LP001647,1,1,1,0,9328,0.0,188.0,180.0,1,1,1,0,0,1,0,0,0,2022-07-07 12:07:08.476791
LP001653,1,0,0,0,4885,0.0,48.0,360.0,1,1,1,0,0,1,0,0,0,2022-07-08 12:07:08.476791
LP001656,1,0,1,0,12000,0.0,164.0,360.0,1,0,0,1,0,1,0,0,0,2022-07-09 12:07:08.476791
LP001657,1,1,0,0,6033,0.0,160.0,360.0,1,0,0,0,1,1,0,0,0,2022-07-10 12:07:08.476791
LP001658,1,0,1,0,3858,0.0,76.0,360.0,1,1,0,1,0,1,0,0,0,2022-07-11 12:07:08.476791
LP001664,1,0,1,0,4191,0.0,120.0,360.0,1,1,1,0,0,1,0,0,0,2022-07-12 12:07:08.476791
LP001665,1,1,1,0,3125,2583.0,170.0,360.0,1,0,0,1,0,0,1,0,0,2022-07-13 12:07:08.476791
LP001666,1,0,1,0,8333,3750.0,187.0,360.0,1,1,1,0,0,1,0,0,0,2022-07-14 12:07:08.476791
LP001669,0,0,0,0,1907,2365.0,120.0,360.0,1,1,0,0,1,1,0,0,0,2022-07-15 12:07:08.476791
LP001671,0,1,1,0,3416,2816.0,113.0,360.0,1,1,0,1,0,1,0,0,0,2022-07-16 12:07:08.476791
LP001673,1,0,1,1,11000,0.0,83.0,360.0,1,0,0,0,1,1,0,0,0,2022-07-17 12:07:08.476791
LP001674,1,1,0,0,2600,2500.0,90.0,360.0,1,1,0,1,0,0,1,0,0,2022-07-18 12:07:08.476791
LP001677,1,0,1,0,4923,0.0,166.0,360.0,0,1,0,1,0,0,0,1,0,2022-07-19 12:07:08.476791
LP001682,1,1,0,0,3992,0.0,128.0,180.0,1,0,0,0,1,0,0,0,1,2022-07-20 12:07:08.476791
LP001688,1,1,0,0,3500,1083.0,135.0,360.0,1,1,0,0,1,0,1,0,0,2022-07-21 12:07:08.476791
LP001691,1,1,0,0,3917,0.0,124.0,360.0,1,1,0,1,0,0,0,1,0,2022-07-22 12:07:08.476791
LP001692,0,0,0,0,4408,0.0,120.0,360.0,1,1,0,1,0,1,0,0,0,2022-07-23 12:07:08.476791
LP001693,0,0,1,0,3244,0.0,80.0,360.0,1,1,0,0,1,1,0,0,0,2022-07-24 12:07:08.476791
LP001698,1,0,0,0,3975,2531.0,55.0,360.0,1,1,1,0,0,1,0,0,0,2022-07-25 12:07:08.476791
LP001699,1,0,1,0,2479,0.0,59.0,360.0,1,1,0,0,1,1,0,0,0,2022-07-26 12:07:08.476791
LP001702,1,0,1,0,3418,0.0,127.0,360.0,1,0,0,1,0,1,0,0,0,2022-07-27 12:07:08.476791
LP001708,0,0,1,0,10000,0.0,214.0,360.0,1,0,0,1,0,1,0,0,0,2022-07-28 12:07:08.476791
LP001711,1,1,1,0,3430,1250.0,128.0,360.0,0,0,0,1,0,0,0,0,1,2022-07-29 12:07:08.476791
LP001713,1,1,1,1,7787,0.0,240.0,360.0,1,1,0,0,1,0,1,0,0,2022-07-30 12:07:08.476791
LP001715,1,1,0,1,5703,0.0,130.0,360.0,1,1,1,0,0,0,0,0,1,2022-07-31 12:07:08.476791
LP001716,1,1,1,0,3173,3021.0,137.0,360.0,1,1,0,0,1,1,0,0,0,2022-08-01 12:07:08.476791
LP001720,1,1,0,0,3850,983.0,100.0,360.0,1,1,0,1,0,0,0,0,1,2022-08-02 12:07:08.476791
LP001722,1,1,1,0,150,1800.0,135.0,360.0,1,0,1,0,0,1,0,0,0,2022-08-03 12:07:08.476791
LP001726,1,1,1,0,3727,1775.0,131.0,360.0,1,1,0,1,0,1,0,0,0,2022-08-04 12:07:08.476791
LP001732,1,1,1,0,5000,0.0,72.0,360.0,0,0,0,1,0,0,0,1,0,2022-08-05 12:07:08.476791
LP001734,0,1,1,0,4283,2383.0,127.0,360.0,1,1,0,1,0,0,0,1,0,2022-08-06 12:07:08.476791
LP001736,1,1,1,0,2221,0.0,60.0,360.0,0,0,0,0,1,1,0,0,0,2022-08-07 12:07:08.476791
LP001743,1,1,1,0,4009,1717.0,116.0,360.0,1,1,0,1,0,0,0,1,0,2022-08-08 12:07:08.476791
LP001744,1,0,1,0,2971,2791.0,144.0,360.0,1,1,0,1,0,1,0,0,0,2022-08-09 12:07:08.476791
LP001749,1,1,1,0,7578,1010.0,175.0,360.0,1,1,0,1,0,1,0,0,0,2022-08-10 12:07:08.476791
LP001750,1,1,1,0,6250,0.0,128.0,360.0,1,1,0,1,0,1,0,0,0,2022-08-11 12:07:08.476791
LP001751,1,1,1,0,3250,0.0,170.0,360.0,1,0,1,0,0,1,0,0,0,2022-08-12 12:07:08.476791
LP001754,1,1,0,1,4735,0.0,138.0,360.0,1,0,0,0,1,1,0,0,0,2022-08-13 12:07:08.476791
LP001758,1,1,1,0,6250,1695.0,210.0,360.0,1,1,0,1,0,0,0,1,0,2022-08-14 12:07:08.476791
LP001760,1,1,1,0,4758,0.0,158.0,480.0,1,1,0,1,0,1,0,0,0,2022-08-15 12:07:08.476791
LP001761,1,0,1,1,6400,0.0,200.0,360.0,1,1,1,0,0,1,0,0,0,2022-08-16 12:07:08.476791
LP001765,1,1,1,0,2491,2054.0,104.0,360.0,1,1,0,1,0,0,1,0,0,2022-08-17 12:07:08.476791
LP001768,1,1,1,0,3716,0.0,42.0,180.0,1,1,1,0,0,1,0,0,0,2022-08-18 12:07:08.476791
LP001770,1,0,0,0,3189,2598.0,120.0,360.0,1,1,1,0,0,1,0,0,0,2022-08-19 12:07:08.476791
LP001776,0,0,1,0,8333,0.0,280.0,360.0,1,1,0,1,0,1,0,0,0,2022-08-20 12:07:08.476791
LP001778,1,1,1,0,3155,1779.0,140.0,360.0,1,1,0,1,0,0,1,0,0,2022-08-21 12:07:08.476791
LP001784,1,1,1,0,5500,1260.0,170.0,360.0,1,1,1,0,0,0,1,0,0,2022-08-22 12:07:08.476791
LP001786,1,1,1,0,5746,0.0,255.0,360.0,1,0,0,0,1,1,0,0,0,2022-08-23 12:07:08.476791
LP001788,0,0,1,1,3463,0.0,122.0,360.0,1,1,0,0,1,1,0,0,0,2022-08-24 12:07:08.476791
LP001790,0,0,1,0,3812,0.0,112.0,360.0,1,1,1,0,0,0,1,0,0,2022-08-25 12:07:08.476791
LP001792,1,1,1,0,3315,0.0,96.0,360.0,1,1,0,1,0,0,1,0,0,2022-08-26 12:07:08.476791
LP001798,1,1,1,0,5819,5000.0,120.0,360.0,1,1,1,0,0,0,0,1,0,2022-08-27 12:07:08.476791
LP001800,1,1,0,0,2510,1983.0,140.0,180.0,1,0,0,0,1,0,1,0,0,2022-08-28 12:07:08.476791
LP001806,1,0,1,0,2965,5701.0,155.0,60.0,1,1,0,0,1,1,0,0,0,2022-08-29 12:07:08.476791
LP001807,1,1,1,1,6250,1300.0,108.0,360.0,1,1,1,0,0,0,0,1,0,2022-08-30 12:07:08.476791
LP001811,1,1,0,0,3406,4417.0,123.0,360.0,1,1,0,1,0,1,0,0,0,2022-08-31 12:07:08.476791
LP001813,1,0,1,1,6050,4333.0,120.0,180.0,1,0,0,0,1,1,0,0,0,2022-09-01 12:07:08.476791
LP001814,1,1,1,0,9703,0.0,112.0,360.0,1,1,0,0,1,0,0,1,0,2022-09-02 12:07:08.476791
LP001819,1,1,0,0,6608,0.0,137.0,180.0,1,1,0,0,1,0,1,0,0,2022-09-03 12:07:08.476791
LP001824,1,1,1,0,2882,1843.0,123.0,480.0,1,1,0,1,0,0,1,0,0,2022-09-04 12:07:08.476791
LP001825,1,1,1,0,1809,1868.0,90.0,360.0,1,1,0,0,1,1,0,0,0,2022-09-05 12:07:08.476791
LP001835,1,1,0,0,1668,3890.0,201.0,360.0,0,0,0,1,0,1,0,0,0,2022-09-06 12:07:08.476791
LP001836,0,0,1,0,3427,0.0,138.0,360.0,1,0,0,0,1,0,0,1,0,2022-09-07 12:07:08.476791
LP001841,1,0,0,1,2583,2167.0,104.0,360.0,1,1,1,0,0,1,0,0,0,2022-09-08 12:07:08.476791
LP001843,1,1,0,0,2661,7101.0,279.0,180.0,1,1,0,1,0,0,1,0,0,2022-09-09 12:07:08.476791
LP001844,1,0,1,1,16250,0.0,192.0,360.0,0,0,0,0,1,1,0,0,0,2022-09-10 12:07:08.476791
LP001846,0,0,1,0,3083,0.0,255.0,360.0,1,1,1,0,0,0,0,0,1,2022-09-11 12:07:08.476791
LP001849,1,0,0,0,6045,0.0,115.0,360.0,0,0,1,0,0,1,0,0,0,2022-09-12 12:07:08.476791
LP001854,1,1,1,0,5250,0.0,94.0,360.0,1,0,0,0,1,0,0,0,1,2022-09-13 12:07:08.476791
LP001859,1,1,1,0,14683,2100.0,304.0,360.0,1,0,1,0,0,1,0,0,0,2022-09-14 12:07:08.476791
LP001864,1,1,0,0,4931,0.0,128.0,360.0,1,0,0,1,0,0,0,0,1,2022-09-15 12:07:08.476791
LP001865,1,1,1,0,6083,4250.0,330.0,360.0,1,1,0,0,1,0,1,0,0,2022-09-16 12:07:08.476791
LP001868,1,0,1,0,2060,2209.0,134.0,360.0,1,1,0,1,0,1,0,0,0,2022-09-17 12:07:08.476791
LP001870,0,0,1,0,3481,0.0,155.0,36.0,1,0,0,1,0,0,1,0,0,2022-09-18 12:07:08.476791
LP001871,0,0,1,0,7200,0.0,120.0,360.0,1,1,1,0,0,1,0,0,0,2022-09-19 12:07:08.476791
LP001872,1,0,1,1,5166,0.0,128.0,360.0,1,1,0,1,0,1,0,0,0,2022-09-20 12:07:08.476791
LP001875,1,0,1,0,4095,3447.0,151.0,360.0,1,1,1,0,0,1,0,0,0,2022-09-21 12:07:08.476791
LP001877,1,1,1,0,4708,1387.0,150.0,360.0,1,1,0,1,0,0,0,1,0,2022-09-22 12:07:08.476791
LP001882,1,1,1,0,4333,1811.0,160.0,360.0,0,1,0,0,1,0,0,0,1,2022-09-23 12:07:08.476791
LP001883,0,0,1,0,3418,0.0,135.0,360.0,1,0,1,0,0,1,0,0,0,2022-09-24 12:07:08.476791
LP001884,0,0,1,0,2876,1560.0,90.0,360.0,1,1,0,0,1,0,1,0,0,2022-09-25 12:07:08.476791
LP001888,0,0,1,0,3237,0.0,30.0,360.0,1,1,0,0,1,1,0,0,0,2022-09-26 12:07:08.476791
LP001891,1,1,1,0,11146,0.0,136.0,360.0,1,1,0,0,1,1,0,0,0,2022-09-27 12:07:08.476791
LP001892,1,0,1,0,2833,1857.0,126.0,360.0,1,1,1,0,0,1,0,0,0,2022-09-28 12:07:08.476791
LP001894,1,1,1,0,2620,2223.0,150.0,360.0,1,1,0,1,0,1,0,0,0,2022-09-29 12:07:08.476791
LP001896,1,1,1,0,3900,0.0,90.0,360.0,1,1,0,1,0,0,0,1,0,2022-09-30 12:07:08.476791
LP001900,1,1,1,0,2750,1842.0,115.0,360.0,1,1,0,1,0,0,1,0,0,2022-10-01 12:07:08.476791
LP001903,1,1,1,0,3993,3274.0,207.0,360.0,1,1,0,1,0,1,0,0,0,2022-10-02 12:07:08.476791
LP001904,1,1,1,0,3103,1300.0,80.0,360.0,1,1,0,0,1,1,0,0,0,2022-10-03 12:07:08.476791
LP001907,1,1,1,0,14583,0.0,436.0,360.0,1,1,0,1,0,1,0,0,0,2022-10-04 12:07:08.476791
LP001908,0,1,0,0,4100,0.0,124.0,360.0,1,1,1,0,0,1,0,0,0,2022-10-05 12:07:08.476791
LP001910,1,0,0,1,4053,2426.0,158.0,360.0,0,0,0,0,1,0,1,0,0,2022-10-06 12:07:08.476791
LP001914,1,1,1,0,3927,800.0,112.0,360.0,1,1,0,1,0,1,0,0,0,2022-10-07 12:07:08.476791
LP001915,1,1,1,0,2301,985.7999878,78.0,180.0,1,1,0,0,1,0,0,1,0,2022-10-08 12:07:08.476791
LP001917,0,0,1,0,1811,1666.0,54.0,360.0,1,1,0,0,1,1,0,0,0,2022-10-09 12:07:08.476791
LP001922,1,1,1,0,20667,0.0,128.0,360.0,1,0,1,0,0,1,0,0,0,2022-10-10 12:07:08.476791
LP001924,1,0,1,0,3158,3053.0,89.0,360.0,1,1,1,0,0,1,0,0,0,2022-10-11 12:07:08.476791
LP001925,0,0,1,1,2600,1717.0,99.0,300.0,1,0,0,1,0,1,0,0,0,2022-10-12 12:07:08.476791
LP001926,1,1,1,0,3704,2000.0,120.0,360.0,1,1,1,0,0,1,0,0,0,2022-10-13 12:07:08.476791
LP001931,0,0,1,0,4124,0.0,115.0,360.0,1,1,0,1,0,1,0,0,0,2022-10-14 12:07:08.476791
LP001935,1,0,1,0,9508,0.0,187.0,360.0,1,1,1,0,0,1,0,0,0,2022-10-15 12:07:08.476791
LP001936,1,1,1,0,3075,2416.0,139.0,360.0,1,1,1,0,0,1,0,0,0,2022-10-16 12:07:08.476791
LP001938,1,1,1,0,4400,0.0,127.0,360.0,0,0,0,1,0,0,0,1,0,2022-10-17 12:07:08.476791
LP001940,1,1,1,0,3153,1560.0,134.0,360.0,1,1,0,0,1,0,0,1,0,2022-10-18 12:07:08.476791
LP001945,0,0,1,0,5417,0.0,143.0,480.0,0,0,0,0,1,1,0,0,0,2022-10-19 12:07:08.476791
LP001947,1,1,1,0,2383,3334.0,172.0,360.0,1,1,0,1,0,1,0,0,0,2022-10-20 12:07:08.476791
LP001949,1,1,1,0,4416,1250.0,110.0,360.0,1,1,0,0,1,0,0,0,1,2022-10-21 12:07:08.476791
LP001953,1,1,1,0,6875,0.0,200.0,360.0,1,1,0,1,0,0,1,0,0,2022-10-22 12:07:08.476791
LP001954,0,1,1,0,4666,0.0,135.0,360.0,1,1,0,0,1,0,1,0,0,2022-10-23 12:07:08.476791
LP001955,0,0,1,0,5000,2541.0,151.0,480.0,1,0,1,0,0,1,0,0,0,2022-10-24 12:07:08.476791
LP001963,1,1,1,0,2014,2925.0,113.0,360.0,1,0,0,0,1,0,1,0,0,2022-10-25 12:07:08.476791
LP001964,1,1,0,0,1800,2934.0,93.0,360.0,0,0,0,0,1,1,0,0,0,2022-10-26 12:07:08.476791
LP001972,1,1,0,0,2875,1750.0,105.0,360.0,1,1,0,1,0,1,0,0,0,2022-10-27 12:07:08.476791
LP001974,0,0,1,0,5000,0.0,132.0,360.0,1,1,1,0,0,1,0,0,0,2022-10-28 12:07:08.476791
LP001977,1,1,1,0,1625,1803.0,96.0,360.0,1,1,0,0,1,0,1,0,0,2022-10-29 12:07:08.476791
LP001978,1,0,1,0,4000,2500.0,140.0,360.0,1,1,1,0,0,1,0,0,0,2022-10-30 12:07:08.476791
LP001990,1,0,0,0,2000,0.0,128.0,360.0,1,0,0,0,1,1,0,0,0,2022-10-31 12:07:08.476791
LP001993,0,0,1,0,3762,1666.0,135.0,360.0,1,1,1,0,0,1,0,0,0,2022-11-01 12:07:08.476791
LP001994,0,0,1,0,2400,1863.0,104.0,360.0,0,0,0,0,1,1,0,0,0,2022-11-02 12:07:08.476791
LP001996,1,0,1,0,20233,0.0,480.0,360.0,1,0,1,0,0,1,0,0,0,2022-11-03 12:07:08.476791
LP001998,1,1,0,0,7667,0.0,185.0,360.0,1,1,1,0,0,0,0,1,0,2022-11-04 12:07:08.476791
LP002002,0,0,1,0,2917,0.0,84.0,360.0,1,1,0,1,0,1,0,0,0,2022-11-05 12:07:08.476791
LP002004,1,0,0,0,2927,2405.0,111.0,360.0,1,1,0,1,0,1,0,0,0,2022-11-06 12:07:08.476791
LP002006,0,0,1,0,2507,0.0,56.0,360.0,1,1,1,0,0,1,0,0,0,2022-11-07 12:07:08.476791
LP002008,1,1,1,1,5746,0.0,144.0,84.0,1,1,1,0,0,0,0,1,0,2022-11-08 12:07:08.476791
LP002024,1,1,1,0,2473,1843.0,159.0,360.0,1,0,1,0,0,1,0,0,0,2022-11-09 12:07:08.476791
LP002031,1,1,0,0,3399,1640.0,111.0,180.0,1,1,0,0,1,0,1,0,0,2022-11-10 12:07:08.476791
LP002035,1,1,1,0,3717,0.0,120.0,360.0,1,1,0,1,0,0,0,1,0,2022-11-11 12:07:08.476791
LP002036,1,1,1,0,2058,2134.0,88.0,360.0,1,1,0,0,1,1,0,0,0,2022-11-12 12:07:08.476791
LP002043,0,0,1,0,3541,0.0,112.0,360.0,1,1,0,1,0,0,1,0,0,2022-11-13 12:07:08.476791
LP002050,1,1,1,1,10000,0.0,155.0,360.0,1,0,1,0,0,0,1,0,0,2022-11-14 12:07:08.476791
LP002051,1,1,1,0,2400,2167.0,115.0,360.0,1,1,0,1,0,1,0,0,0,2022-11-15 12:07:08.476791
LP002053,1,1,1,0,4342,189.0,124.0,360.0,1,1,0,1,0,0,0,0,1,2022-11-16 12:07:08.476791
LP002054,1,1,0,0,3601,1590.0,128.0,360.0,1,1,1,0,0,0,0,1,0,2022-11-17 12:07:08.476791
LP002055,0,0,1,0,3166,2985.0,132.0,360.0,1,1,1,0,0,1,0,0,0,2022-11-18 12:07:08.476791
LP002065,1,1,1,0,15000,0.0,300.0,360.0,1,1,1,0,0,0,0,0,1,2022-11-19 12:07:08.476791
LP002067,1,1,1,1,8666,4983.0,376.0,360.0,0,0,1,0,0,0,1,0,0,2022-11-20 12:07:08.476791
LP002068,1,0,1,0,4917,0.0,130.0,360.0,0,1,1,0,0,1,0,0,0,2022-11-21 12:07:08.476791
LP002082,1,1,1,1,5818,2160.0,184.0,360.0,1,1,0,1,0,1,0,0,0,2022-11-22 12:07:08.476791
LP002086,0,1,1,0,4333,2451.0,110.0,360.0,1,0,0,0,1,1,0,0,0,2022-11-23 12:07:08.476791
LP002087,0,0,1,0,2500,0.0,67.0,360.0,1,1,0,0,1,1,0,0,0,2022-11-24 12:07:08.476791
LP002097,1,0,1,0,4384,1793.0,117.0,360.0,1,1,0,0,1,0,1,0,0,2022-11-25 12:07:08.476791
LP002098,1,0,1,0,2935,0.0,98.0,360.0,1,1,0,1,0,1,0,0,0,2022-11-26 12:07:08.476791
LP002100,1,0,1,0,2833,0.0,71.0,360.0,1,1,0,0,1,1,0,0,0,2022-11-27 12:07:08.476791
LP002101,1,1,1,0,63337,0.0,490.0,180.0,1,1,0,0,1,1,0,0,0,2022-11-28 12:07:08.476791
LP002103,1,1,1,1,9833,1833.0,182.0,180.0,1,1,0,0,1,0,1,0,0,2022-11-29 12:07:08.476791
LP002106,1,1,1,1,5503,4490.0,70.0,360.0,1,1,0,1,0,1,0,0,0,2022-11-30 12:07:08.476791
LP002110,1,1,1,0,5250,688.0,160.0,360.0,1,1,1,0,0,0,1,0,0,2022-12-01 12:07:08.476791
LP002112,1,1,1,1,2500,4600.0,176.0,360.0,1,1,1,0,0,0,0,1,0,2022-12-02 12:07:08.476791
LP002113,0,0,0,0,1830,0.0,128.0,360.0,0,0,0,0,1,0,0,0,1,2022-12-03 12:07:08.476791
LP002114,0,0,1,0,4160,0.0,71.0,360.0,1,1,0,1,0,1,0,0,0,2022-12-04 12:07:08.476791
LP002115,1,1,0,0,2647,1587.0,173.0,360.0,1,0,1,0,0,0,0,0,1,2022-12-05 12:07:08.476791
LP002116,0,0,1,0,2378,0.0,46.0,360.0,1,0,1,0,0,1,0,0,0,2022-12-06 12:07:08.476791
LP002119,1,1,0,0,4554,1229.0,158.0,360.0,1,1,0,0,1,0,1,0,0,2022-12-07 12:07:08.476791
LP002126,1,1,0,0,3173,0.0,74.0,360.0,1,1,0,1,0,0,0,0,1,2022-12-08 12:07:08.476791
LP002128,1,1,1,0,2583,2330.0,125.0,360.0,1,1,1,0,0,0,0,1,0,2022-12-09 12:07:08.476791
LP002129,1,1,1,0,2499,2458.0,160.0,360.0,1,1,0,1,0,1,0,0,0,2022-12-10 12:07:08.476791
LP002130,1,1,0,0,3523,3230.0,152.0,360.0,0,0,1,0,0,1,0,0,0,2022-12-11 12:07:08.476791
LP002131,1,1,0,0,3083,2168.0,126.0,360.0,1,1,0,0,1,0,0,1,0,2022-12-12 12:07:08.476791
LP002137,1,1,1,0,6333,4583.0,259.0,360.0,1,1,0,1,0,1,0,0,0,2022-12-13 12:07:08.476791
LP002138,1,1,1,0,2625,6250.0,187.0,360.0,1,1,1,0,0,1,0,0,0,2022-12-14 12:07:08.476791
LP002139,1,1,1,0,9083,0.0,228.0,360.0,1,1,0,1,0,1,0,0,0,2022-12-15 12:07:08.476791
LP002140,1,0,1,0,8750,4167.0,308.0,360.0,1,0,1,0,0,1,0,0,0,2022-12-16 12:07:08.476791
LP002141,1,1,1,0,2666,2083.0,95.0,360.0,1,1,1,0,0,0,0,0,1,2022-12-17 12:07:08.476791
LP002142,0,1,1,1,5500,0.0,105.0,360.0,0,0,1,0,0,1,0,0,0,2022-12-18 12:07:08.476791
LP002143,0,1,1,0,2423,505.0,130.0,360.0,1,1,0,1,0,1,0,0,0,2022-12-19 12:07:08.476791
LP002144,0,0,1,0,3813,0.0,116.0,180.0,1,1,0,0,1,1,0,0,0,2022-12-20 12:07:08.476791
LP002149,1,1,1,0,8333,3167.0,165.0,360.0,1,1,1,0,0,0,0,1,0,2022-12-21 12:07:08.476791
LP002151,1,1,1,0,3875,0.0,67.0,360.0,1,0,0,0,1,0,1,0,0,2022-12-22 12:07:08.476791
LP002158,1,1,0,0,3000,1666.0,100.0,480.0,0,0,0,0,1,1,0,0,0,2022-12-23 12:07:08.476791
LP002160,1,1,1,0,5167,3167.0,200.0,360.0,1,1,0,1,0,0,0,0,1,2022-12-24 12:07:08.476791
LP002161,0,0,1,0,4723,0.0,81.0,360.0,1,0,0,1,0,0,1,0,0,2022-12-25 12:07:08.476791
LP002170,1,1,1,0,5000,3667.0,236.0,360.0,1,1,0,1,0,0,0,1,0,2022-12-26 12:07:08.476791
LP002175,1,1,1,0,4750,2333.0,130.0,360.0,1,1,0,0,1,1,0,0,0,2022-12-27 12:07:08.476791
LP002178,1,1,1,0,3013,3033.0,95.0,300.0,1,1,0,0,1,1,0,0,0,2022-12-28 12:07:08.476791
LP002180,1,0,1,1,6822,0.0,141.0,360.0,1,1,1,0,0,1,0,0,0,2022-12-29 12:07:08.476791
LP002181,1,0,0,0,6216,0.0,133.0,360.0,1,0,1,0,0,1,0,0,0,2022-12-30 12:07:08.476791
LP002187,1,0,1,0,2500,0.0,96.0,480.0,1,0,0,1,0,1,0,0,0,2022-12-31 12:07:08.476791
LP002188,1,0,1,0,5124,0.0,124.0,360.0,0,0,1,0,0,1,0,0,0,2023-01-01 12:07:08.476791
LP002190,1,1,1,0,6325,0.0,175.0,360.0,1,1,0,1,0,0,1,0,0,2023-01-02 12:07:08.476791
LP002191,1,1,1,0,19730,5266.0,570.0,360.0,1,0,1,0,0,1,0,0,0,2023-01-03 12:07:08.476791
LP002194,0,0,1,1,15759,0.0,55.0,360.0,1,1,0,1,0,1,0,0,0,2023-01-04 12:07:08.476791
LP002197,1,1,1,0,5185,0.0,155.0,360.0,1,1,0,1,0,0,0,1,0,2023-01-05 12:07:08.476791
LP002201,1,1,1,1,9323,7873.0,380.0,300.0,1,1,1,0,0,0,0,1,0,2023-01-06 12:07:08.476791
LP002205,1,0,1,0,3062,1987.0,111.0,180.0,0,0,0,0,1,0,1,0,0,2023-01-07 12:07:08.476791
LP002209,0,0,1,0,2764,1459.0,110.0,360.0,1,1,0,0,1,1,0,0,0,2023-01-08 12:07:08.476791
LP002211,1,1,1,0,4817,923.0,120.0,180.0,1,1,0,0,1,1,0,0,0,2023-01-09 12:07:08.476791
LP002219,1,1,1,0,8750,4996.0,130.0,360.0,1,1,1,0,0,0,0,0,1,2023-01-10 12:07:08.476791
LP002223,1,1,1,0,4310,0.0,130.0,360.0,1,1,0,1,0,1,0,0,0,2023-01-11 12:07:08.476791
LP002224,1,0,1,0,3069,0.0,71.0,480.0,1,0,0,0,1,1,0,0,0,2023-01-12 12:07:08.476791
LP002225,1,1,1,0,5391,0.0,130.0,360.0,1,1,0,0,1,0,0,1,0,2023-01-13 12:07:08.476791
LP002226,1,1,1,0,3333,2500.0,128.0,360.0,1,1,0,1,0,1,0,0,0,2023-01-14 12:07:08.476791
LP002229,1,0,1,0,5941,4232.0,296.0,360.0,1,1,0,1,0,1,0,0,0,2023-01-15 12:07:08.476791
LP002231,0,0,1,0,6000,0.0,156.0,360.0,1,1,0,0,1,1,0,0,0,2023-01-16 12:07:08.476791
LP002234,1,0,1,1,7167,0.0,128.0,360.0,1,1,0,0,1,1,0,0,0,2023-01-17 12:07:08.476791
LP002236,1,1,1,0,4566,0.0,100.0,360.0,1,0,0,0,1,0,0,1,0,2023-01-18 12:07:08.476791
LP002237,1,0,1,0,3667,0.0,113.0,180.0,1,1,0,0,1,0,1,0,0,2023-01-19 12:07:08.476791
LP002239,1,0,0,0,2346,1600.0,132.0,360.0,1,1,0,1,0,1,0,0,0,2023-01-20 12:07:08.476791
LP002243,1,1,0,0,3010,3136.0,128.0,360.0,0,0,0,0,1,1,0,0,0,2023-01-21 12:07:08.476791
LP002244,1,1,1,0,2333,2417.0,136.0,360.0,1,1,0,0,1,1,0,0,0,2023-01-22 12:07:08.476791
LP002250,1,1,1,0,5488,0.0,125.0,360.0,1,1,1,0,0,1,0,0,0,2023-01-23 12:07:08.476791
LP002255,1,0,1,0,9167,0.0,185.0,360.0,1,1,1,0,0,0,0,0,1,2023-01-24 12:07:08.476791
LP002262,1,1,1,0,9504,0.0,275.0,360.0,1,1,1,0,0,0,0,0,1,2023-01-25 12:07:08.476791
LP002263,1,1,1,0,2583,2115.0,120.0,360.0,1,1,0,0,1,1,0,0,0,2023-01-26 12:07:08.476791
LP002265,1,1,0,0,1993,1625.0,113.0,180.0,1,1,0,1,0,0,0,1,0,2023-01-27 12:07:08.476791
LP002266,1,1,1,0,3100,1400.0,113.0,360.0,1,1,0,0,1,0,0,1,0,2023-01-28 12:07:08.476791
LP002272,1,1,1,0,3276,484.0,135.0,360.0,1,1,0,1,0,0,0,1,0,2023-01-29 12:07:08.476791
LP002277,0,0,1,0,3180,0.0,71.0,360.0,0,0,0,0,1,1,0,0,0,2023-01-30 12:07:08.476791
LP002281,1,1,1,0,3033,1459.0,95.0,360.0,1,1,0,0,1,1,0,0,0,2023-01-31 12:07:08.476791
LP002284,1,0,0,0,3902,1666.0,109.0,360.0,1,1,1,0,0,1,0,0,0,2023-02-01 12:07:08.476791
LP002287,0,0,1,0,1500,1800.0,103.0,360.0,0,0,0,1,0,1,0,0,0,2023-02-02 12:07:08.476791
LP002288,1,1,0,0,2889,0.0,45.0,180.0,0,0,0,0,1,0,0,1,0,2023-02-03 12:07:08.476791
LP002296,1,0,0,0,2755,0.0,65.0,300.0,1,0,1,0,0,1,0,0,0,2023-02-04 12:07:08.476791
LP002297,1,0,1,0,2500,20000.0,103.0,360.0,1,1,0,1,0,1,0,0,0,2023-02-05 12:07:08.476791
LP002300,0,0,0,0,1963,0.0,53.0,360.0,1,1,0,1,0,1,0,0,0,2023-02-06 12:07:08.476791
LP002301,0,0,1,1,7441,0.0,194.0,360.0,1,0,1,0,0,1,0,0,0,2023-02-07 12:07:08.476791
LP002305,0,0,1,0,4547,0.0,115.0,360.0,1,1,0,1,0,1,0,0,0,2023-02-08 12:07:08.476791
LP002308,1,1,0,0,2167,2400.0,115.0,360.0,1,1,0,0,1,1,0,0,0,2023-02-09 12:07:08.476791
LP002314,0,0,0,0,2213,0.0,66.0,360.0,1,1,1,0,0,1,0,0,0,2023-02-10 12:07:08.476791
LP002315,1,1,1,0,8300,0.0,152.0,300.0,0,0,0,1,0,0,1,0,0,2023-02-11 12:07:08.476791
LP002317,1,1,1,0,81000,0.0,360.0,360.0,0,0,1,0,0,0,0,0,1,2023-02-12 12:07:08.476791
LP002318,0,0,0,1,3867,0.0,62.0,360.0,1,0,0,1,0,0,1,0,0,2023-02-13 12:07:08.476791
LP002319,1,1,1,0,6256,0.0,160.0,360.0,1,1,0,0,1,1,0,0,0,2023-02-14 12:07:08.476791
LP002328,1,1,0,0,6096,0.0,218.0,360.0,0,0,1,0,0,1,0,0,0,2023-02-15 12:07:08.476791
LP002332,1,1,0,0,2253,2033.0,110.0,360.0,1,1,1,0,0,1,0,0,0,2023-02-16 12:07:08.476791
LP002335,0,1,0,0,2149,3237.0,178.0,360.0,0,0,0,1,0,1,0,0,0,2023-02-17 12:07:08.476791
LP002337,0,0,1,0,2995,0.0,60.0,360.0,1,1,0,0,1,1,0,0,0,2023-02-18 12:07:08.476791
LP002341,0,0,1,0,2600,0.0,160.0,360.0,1,0,0,0,1,0,1,0,0,2023-02-19 12:07:08.476791
LP002342,1,1,1,1,1600,20000.0,239.0,360.0,1,0,0,0,1,0,0,1,0,2023-02-20 12:07:08.476791
LP002345,1,1,1,0,1025,2773.0,112.0,360.0,1,1,1,0,0,1,0,0,0,2023-02-21 12:07:08.476791
LP002347,1,1,1,0,3246,1417.0,138.0,360.0,1,1,0,1,0,1,0,0,0,2023-02-22 12:07:08.476791
LP002348,1,1,1,0,5829,0.0,138.0,360.0,1,1,1,0,0,1,0,0,0,2023-02-23 12:07:08.476791
LP002357,0,0,0,0,2720,0.0,80.0,360.0,0,0,0,0,1,1,0,0,0,2023-02-24 12:07:08.476791
LP002361,1,1,1,0,1820,1719.0,100.0,360.0,1,1,0,0,1,1,0,0,0,2023-02-25 12:07:08.476791
LP002362,1,1,1,0,7250,1667.0,110.0,360.0,0,0,0,0,1,0,1,0,0,2023-02-26 12:07:08.476791
LP002364,1,1,1,0,14880,0.0,96.0,360.0,1,1,0,1,0,1,0,0,0,2023-02-27 12:07:08.476791
LP002366,1,1,1,0,2666,4300.0,121.0,360.0,1,1,1,0,0,1,0,0,0,2023-02-28 12:07:08.476791
LP002367,0,0,0,0,4606,0.0,81.0,360.0,1,0,1,0,0,0,1,0,0,2023-03-01 12:07:08.476791
LP002368,1,1,1,0,5935,0.0,133.0,360.0,1,1,0,1,0,0,0,1,0,2023-03-02 12:07:08.476791
LP002369,1,1,1,0,2920,16.12000084,87.0,360.0,1,1,1,0,0,1,0,0,0,2023-03-03 12:07:08.476791
LP002370,1,0,0,0,2717,0.0,60.0,180.0,1,1,0,0,1,1,0,0,0,2023-03-04 12:07:08.476791
LP002377,0,0,1,1,8624,0.0,150.0,360.0,1,1,0,1,0,0,1,0,0,2023-03-05 12:07:08.476791
LP002379,1,0,1,0,6500,0.0,105.0,360.0,0,0,1,0,0,1,0,0,0,2023-03-06 12:07:08.476791
LP002386,1,0,1,0,12876,0.0,405.0,360.0,1,1,0,1,0,1,0,0,0,2023-03-07 12:07:08.476791
LP002387,1,1,1,0,2425,2340.0,143.0,360.0,1,1,0,1,0,1,0,0,0,2023-03-08 12:07:08.476791
LP002390,1,0,1,0,3750,0.0,100.0,360.0,1,1,0,0,1,1,0,0,0,2023-03-09 12:07:08.476791
LP002393,0,1,1,0,10047,0.0,128.0,240.0,1,1,0,1,0,1,0,0,0,2023-03-10 12:07:08.476791
LP002398,1,0,1,0,1926,1851.0,50.0,360.0,1,1,0,1,0,1,0,0,0,2023-03-11 12:07:08.476791
LP002401,1,1,1,0,2213,1125.0,128.0,360.0,1,1,0,0,1,1,0,0,0,2023-03-12 12:07:08.476791
LP002403,1,0,1,1,10416,0.0,187.0,360.0,0,0,0,0,1,1,0,0,0,2023-03-13 12:07:08.476791
LP002407,0,1,0,1,7142,0.0,138.0,360.0,1,1,1,0,0,1,0,0,0,2023-03-14 12:07:08.476791
LP002408,1,0,1,0,3660,5064.0,187.0,360.0,1,1,0,1,0,1,0,0,0,2023-03-15 12:07:08.476791
LP002409,1,1,1,0,7901,1833.0,180.0,360.0,1,1,1,0,0,1,0,0,0,2023-03-16 12:07:08.476791
LP002418,1,0,0,0,4707,1993.0,148.0,360.0,1,1,0,1,0,0,0,0,1,2023-03-17 12:07:08.476791
LP002422,1,0,1,0,37719,0.0,152.0,360.0,1,1,0,1,0,0,1,0,0,2023-03-18 12:07:08.476791
LP002424,1,1,1,0,7333,8333.0,175.0,300.0,1,1,1,0,0,1,0,0,0,2023-03-19 12:07:08.476791
LP002429,1,1,1,1,3466,1210.0,130.0,360.0,1,1,1,0,0,0,1,0,0,2023-03-20 12:07:08.476791
LP002434,1,1,0,0,4652,0.0,110.0,360.0,1,1,1,0,0,0,0,1,0,2023-03-21 12:07:08.476791
LP002435,1,1,1,0,3539,1376.0,55.0,360.0,1,0,1,0,0,1,0,0,0,2023-03-22 12:07:08.476791
LP002443,1,1,1,0,3340,1710.0,150.0,360.0,0,0,1,0,0,0,0,1,0,2023-03-23 12:07:08.476791
LP002444,1,0,0,1,2769,1542.0,190.0,360.0,1,0,0,1,0,0,1,0,0,2023-03-24 12:07:08.476791
LP002446,1,1,0,0,2309,1255.0,125.0,360.0,0,0,1,0,0,0,0,1,0,2023-03-25 12:07:08.476791
LP002447,1,1,0,0,1958,1456.0,60.0,300.0,1,1,0,0,1,0,0,1,0,2023-03-26 12:07:08.476791
LP002448,1,1,1,0,3948,1733.0,149.0,360.0,0,0,1,0,0,1,0,0,0,2023-03-27 12:07:08.476791
LP002449,1,1,1,0,2483,2466.0,90.0,180.0,0,1,1,0,0,1,0,0,0,2023-03-28 12:07:08.476791
LP002453,1,0,1,1,7085,0.0,84.0,360.0,1,1,0,1,0,1,0,0,0,2023-03-29 12:07:08.476791
LP002455,1,1,1,0,3859,0.0,96.0,360.0,1,1,0,1,0,0,0,1,0,2023-03-30 12:07:08.476791
LP002459,1,1,1,0,4301,0.0,118.0,360.0,1,1,0,0,1,1,0,0,0,2023-03-31 12:07:08.476791
LP002467,1,1,1,0,3708,2569.0,173.0,360.0,1,0,0,0,1,1,0,0,0,2023-04-01 12:07:08.476791
LP002472,1,0,1,0,4354,0.0,136.0,360.0,1,1,1,0,0,0,0,1,0,2023-04-02 12:07:08.476791
LP002473,1,1,1,0,8334,0.0,160.0,360.0,1,0,0,1,0,1,0,0,0,2023-04-03 12:07:08.476791
LP002478,1,1,1,1,2083,4083.0,160.0,360.0,1,1,0,1,0,1,0,0,0,2023-04-04 12:07:08.476791
LP002484,1,1,1,0,7740,0.0,128.0,180.0,1,1,0,0,1,0,0,0,1,2023-04-05 12:07:08.476791
LP002487,1,1,1,0,3015,2188.0,153.0,360.0,1,1,1,0,0,1,0,0,0,2023-04-06 12:07:08.476791
LP002489,0,0,0,0,5191,0.0,132.0,360.0,1,1,0,1,0,0,1,0,0,2023-04-07 12:07:08.476791
LP002493,1,0,1,0,4166,0.0,98.0,360.0,0,0,0,1,0,1,0,0,0,2023-04-08 12:07:08.476791
LP002494,1,0,1,0,6000,0.0,140.0,360.0,1,1,1,0,0,1,0,0,0,2023-04-09 12:07:08.476791
LP002500,1,1,0,0,2947,1664.0,70.0,180.0,0,0,0,0,1,0,0,0,1,2023-04-10 12:07:08.476791
LP002501,1,1,1,0,16692,0.0,110.0,360.0,1,1,0,1,0,1,0,0,0,2023-04-11 12:07:08.476791
LP002502,0,1,0,0,210,2917.0,98.0,360.0,1,1,0,1,0,0,0,1,0,2023-04-12 12:07:08.476791
LP002505,1,1,1,0,4333,2451.0,110.0,360.0,1,0,0,0,1,1,0,0,0,2023-04-13 12:07:08.476791
LP002515,1,1,1,1,3450,2079.0,162.0,360.0,1,1,0,1,0,0,1,0,0,2023-04-14 12:07:08.476791
LP002517,1,1,0,0,2653,1500.0,113.0,180.0,0,0,1,0,0,0,1,0,0,2023-04-15 12:07:08.476791
LP002519,1,1,1,0,4691,0.0,100.0,360.0,1,1,0,1,0,0,0,0,1,2023-04-16 12:07:08.476791
LP002522,0,0,1,1,2500,0.0,93.0,360.0,1,1,0,0,1,1,0,0,0,2023-04-17 12:07:08.476791
LP002524,1,0,1,0,5532,4648.0,162.0,360.0,1,1,1,0,0,0,0,1,0,2023-04-18 12:07:08.476791
LP002527,1,1,1,1,16525,1014.0,150.0,360.0,1,1,1,0,0,0,0,1,0,2023-04-19 12:07:08.476791
LP002529,1,1,1,0,6700,1750.0,230.0,300.0,1,1,0,1,0,0,0,1,0,2023-04-20 12:07:08.476791
LP002530,1,1,1,0,2873,1872.0,132.0,360.0,0,0,0,1,0,0,0,1,0,2023-04-21 12:07:08.476791
LP002531,1,1,1,1,16667,2250.0,86.0,360.0,1,1,0,1,0,0,1,0,0,2023-04-22 12:07:08.476791
LP002533,1,1,1,0,2947,1603.0,128.0,360.0,1,0,0,0,1,0,0,1,0,2023-04-23 12:07:08.476791
LP002534,0,0,0,0,4350,0.0,154.0,360.0,1,1,1,0,0,1,0,0,0,2023-04-24 12:07:08.476791
LP002536,1,1,0,0,3095,0.0,113.0,360.0,1,1,1,0,0,0,0,0,1,2023-04-25 12:07:08.476791
LP002537,1,1,1,0,2083,3150.0,128.0,360.0,1,1,0,1,0,1,0,0,0,2023-04-26 12:07:08.476791
LP002541,1,1,1,0,10833,0.0,234.0,360.0,1,1,0,1,0,1,0,0,0,2023-04-27 12:07:08.476791
LP002543,1,1,1,0,8333,0.0,246.0,360.0,1,1,0,1,0,0,0,1,0,2023-04-28 12:07:08.476791
LP002544,1,1,0,0,1958,2436.0,131.0,360.0,1,1,1,0,0,0,1,0,0,2023-04-29 12:07:08.476791
LP002545,1,0,1,0,3547,0.0,80.0,360.0,0,0,1,0,0,0,0,1,0,2023-04-30 12:07:08.476791
LP002547,1,1,1,0,18333,0.0,500.0,360.0,1,0,0,0,1,0,1,0,0,2023-05-01 12:07:08.476791
LP002555,1,1,1,1,4583,2083.0,160.0,360.0,1,1,0,1,0,0,0,1,0,2023-05-02 12:07:08.476791
LP002556,1,0,1,0,2435,0.0,75.0,360.0,1,0,0,0,1,1,0,0,0,2023-05-03 12:07:08.476791
LP002560,1,0,0,0,2699,2785.0,96.0,360.0,1,1,0,1,0,1,0,0,0,2023-05-04 12:07:08.476791
LP002562,1,1,0,0,5333,1131.0,186.0,360.0,1,1,0,0,1,0,1,0,0,2023-05-05 12:07:08.476791
LP002571,1,0,0,0,3691,0.0,110.0,360.0,1,1,1,0,0,1,0,0,0,2023-05-06 12:07:08.476791
LP002582,0,0,0,1,17263,0.0,225.0,360.0,1,1,0,1,0,1,0,0,0,2023-05-07 12:07:08.476791
LP002585,1,1,1,0,3597,2157.0,119.0,360.0,0,0,1,0,0,1,0,0,0,2023-05-08 12:07:08.476791
LP002586,0,1,1,0,3326,913.0,105.0,84.0,1,1,0,1,0,0,1,0,0,2023-05-09 12:07:08.476791
LP002587,1,1,0,0,2600,1700.0,107.0,360.0,1,1,1,0,0,1,0,0,0,2023-05-10 12:07:08.476791
LP002588,1,1,1,0,4625,2857.0,111.0,12.0,1,1,0,0,1,1,0,0,0,2023-05-11 12:07:08.476791
LP002600,1,1,1,1,2895,0.0,95.0,360.0,1,1,0,1,0,0,1,0,0,2023-05-12 12:07:08.476791
LP002602,1,0,1,0,6283,4416.0,209.0,360.0,0,0,1,0,0,1,0,0,0,2023-05-13 12:07:08.476791
LP002603,0,0,1,0,645,3683.0,113.0,480.0,1,1,1,0,0,1,0,0,0,2023-05-14 12:07:08.476791
LP002606,0,0,1,0,3159,0.0,100.0,360.0,1,1,0,1,0,1,0,0,0,2023-05-15 12:07:08.476791
LP002615,1,1,1,0,4865,5624.0,208.0,360.0,1,1,0,1,0,0,0,1,0,2023-05-16 12:07:08.476791
LP002618,1,1,0,0,4050,5302.0,138.0,360.0,1,0,1,0,0,0,1,0,0,2023-05-17 12:07:08.476791
LP002619,1,1,0,0,3814,1483.0,124.0,300.0,1,1,0,1,0,1,0,0,0,2023-05-18 12:07:08.476791
LP002622,1,1,1,0,3510,4416.0,243.0,360.0,1,1,1,0,0,0,0,1,0,2023-05-19 12:07:08.476791
LP002624,1,1,1,0,20833,6667.0,480.0,360.0,1,1,0,0,1,1,0,0,0,2023-05-20 12:07:08.476791
LP002625,1,0,1,0,3583,0.0,96.0,360.0,1,0,0,0,1,1,0,0,0,2023-05-21 12:07:08.476791
LP002626,1,1,1,1,2479,3013.0,188.0,360.0,1,1,0,0,1,1,0,0,0,2023-05-22 12:07:08.476791
LP002634,0,0,1,0,13262,0.0,40.0,360.0,1,1,0,0,1,0,1,0,0,2023-05-23 12:07:08.476791
LP002637,1,0,0,0,3598,1287.0,100.0,360.0,1,0,1,0,0,1,0,0,0,2023-05-24 12:07:08.476791
LP002640,1,1,1,0,6065,2004.0,250.0,360.0,1,1,0,1,0,0,1,0,0,2023-05-25 12:07:08.476791
LP002643,1,1,1,0,3283,2035.0,148.0,360.0,1,1,0,0,1,0,0,1,0,2023-05-26 12:07:08.476791
LP002648,1,1,1,0,2130,6666.0,70.0,180.0,1,0,0,1,0,1,0,0,0,2023-05-27 12:07:08.476791
LP002652,1,0,1,0,5815,3666.0,311.0,360.0,1,0,1,0,0,1,0,0,0,2023-05-28 12:07:08.476791
LP002659,1,1,1,0,3466,3428.0,150.0,360.0,1,1,1,0,0,0,0,0,1,2023-05-29 12:07:08.476791
LP002670,0,1,1,0,2031,1632.0,113.0,480.0,1,1,0,1,0,0,0,1,0,2023-05-30 12:07:08.476791
LP002682,1,1,0,0,3074,1800.0,123.0,360.0,0,0,0,1,0,1,0,0,0,2023-05-31 12:07:08.476791
LP002683,1,0,1,0,4683,1915.0,185.0,360.0,1,0,0,1,0,1,0,0,0,2023-06-01 12:07:08.476791
LP002684,0,0,0,0,3400,0.0,95.0,360.0,1,0,1,0,0,1,0,0,0,2023-06-02 12:07:08.476791
LP002689,1,1,0,0,2192,1742.0,45.0,360.0,1,1,0,1,0,0,0,1,0,2023-06-03 12:07:08.476791
LP002690,1,0,1,0,2500,0.0,55.0,360.0,1,1,0,1,0,1,0,0,0,2023-06-04 12:07:08.476791
LP002692,1,1,1,1,5677,1424.0,100.0,360.0,1,1,1,0,0,0,0,0,1,2023-06-05 12:07:08.476791
LP002693,1,1,1,1,7948,7166.0,480.0,360.0,1,1,1,0,0,0,0,1,0,2023-06-06 12:07:08.476791
LP002697,1,0,1,0,4680,2087.0,128.0,360.0,1,0,0,1,0,1,0,0,0,2023-06-07 12:07:08.476791
LP002699,1,1,1,1,17500,0.0,400.0,360.0,1,1,1,0,0,0,0,1,0,2023-06-08 12:07:08.476791
LP002705,1,1,1,0,3775,0.0,110.0,360.0,1,1,0,1,0,1,0,0,0,2023-06-09 12:07:08.476791
LP002706,1,1,0,0,5285,1430.0,161.0,360.0,0,1,0,1,0,0,1,0,0,2023-06-10 12:07:08.476791
LP002714,1,0,0,0,2679,1302.0,94.0,360.0,1,1,0,1,0,0,1,0,0,2023-06-11 12:07:08.476791
LP002716,1,0,0,0,6783,0.0,130.0,360.0,1,1,0,1,0,1,0,0,0,2023-06-12 12:07:08.476791
LP002717,1,1,1,0,1025,5500.0,216.0,360.0,1,1,1,0,0,1,0,0,0,2023-06-13 12:07:08.476791
LP002720,1,1,1,0,4281,0.0,100.0,360.0,1,1,0,0,1,0,0,0,1,2023-06-14 12:07:08.476791
LP002723,1,0,1,0,3588,0.0,110.0,360.0,0,0,1,0,0,0,0,1,0,2023-06-15 12:07:08.476791
LP002729,1,0,1,0,11250,0.0,196.0,360.0,1,0,0,1,0,0,1,0,0,2023-06-16 12:07:08.476791
LP002731,0,0,0,1,18165,0.0,125.0,360.0,1,1,0,0,1,1,0,0,0,2023-06-17 12:07:08.476791
LP002732,1,0,0,0,2550,2042.0,126.0,360.0,1,1,1,0,0,1,0,0,0,2023-06-18 12:07:08.476791
LP002734,1,1,1,0,6133,3906.0,324.0,360.0,1,1,0,0,1,1,0,0,0,2023-06-19 12:07:08.476791
LP002738,1,0,1,0,3617,0.0,107.0,360.0,1,1,0,1,0,0,0,1,0,2023-06-20 12:07:08.476791
LP002739,1,1,0,0,2917,536.0,66.0,360.0,1,0,1,0,0,1,0,0,0,2023-06-21 12:07:08.476791
LP002740,1,1,1,0,6417,0.0,157.0,180.0,1,1,1,0,0,0,0,0,1,2023-06-22 12:07:08.476791
LP002741,0,1,1,0,4608,2845.0,140.0,180.0,1,1,0,1,0,0,1,0,0,2023-06-23 12:07:08.476791
LP002743,0,0,1,0,2138,0.0,99.0,360.0,0,0,0,1,0,1,0,0,0,2023-06-24 12:07:08.476791
LP002753,0,0,1,0,3652,0.0,95.0,360.0,1,1,0,1,0,0,1,0,0,2023-06-25 12:07:08.476791
LP002755,1,1,0,0,2239,2524.0,128.0,360.0,1,1,0,0,1,0,1,0,0,2023-06-26 12:07:08.476791
LP002757,0,1,0,0,3017,663.0,102.0,360.0,1,1,0,1,0,1,0,0,0,2023-06-27 12:07:08.476791
LP002767,1,1,1,0,2768,1950.0,155.0,360.0,1,1,1,0,0,1,0,0,0,2023-06-28 12:07:08.476791
LP002768,1,0,0,0,3358,0.0,80.0,36.0,1,0,0,1,0,1,0,0,0,2023-06-29 12:07:08.476791
LP002772,1,0,1,0,2526,1783.0,145.0,360.0,1,1,1,0,0,1,0,0,0,2023-06-30 12:07:08.476791
LP002776,0,0,1,0,5000,0.0,103.0,360.0,0,0,0,1,0,1,0,0,0,2023-07-01 12:07:08.476791
LP002777,1,1,1,0,2785,2016.0,110.0,360.0,1,1,1,0,0,1,0,0,0,2023-07-02 12:07:08.476791
LP002778,1,1,1,1,6633,0.0,128.0,360.0,0,0,1,0,0,0,0,1,0,2023-07-03 12:07:08.476791
LP002784,1,1,0,0,2492,2375.0,128.0,360.0,1,1,1,0,0,0,1,0,0,2023-07-04 12:07:08.476791
LP002785,1,1,1,0,3333,3250.0,158.0,360.0,1,1,0,0,1,0,1,0,0,2023-07-05 12:07:08.476791
LP002788,1,1,0,0,2454,2333.0,181.0,360.0,0,0,0,0,1,1,0,0,0,2023-07-06 12:07:08.476791
LP002789,1,1,1,0,3593,4266.0,132.0,180.0,0,0,1,0,0,1,0,0,0,2023-07-07 12:07:08.476791
LP002792,1,1,1,0,5468,1032.0,26.0,360.0,1,1,0,1,0,0,1,0,0,2023-07-08 12:07:08.476791
LP002794,0,0,1,0,2667,1625.0,84.0,360.0,1,1,0,0,1,1,0,0,0,2023-07-09 12:07:08.476791
LP002795,1,1,1,1,10139,0.0,260.0,360.0,1,1,0,1,0,0,0,0,1,2023-07-10 12:07:08.476791
LP002798,1,1,1,0,3887,2669.0,162.0,360.0,1,1,0,1,0,1,0,0,0,2023-07-11 12:07:08.476791
LP002804,0,1,1,0,4180,2306.0,182.0,360.0,1,1,0,1,0,1,0,0,0,2023-07-12 12:07:08.476791
LP002807,1,1,0,0,3675,242.0,108.0,360.0,1,1,0,1,0,0,0,1,0,2023-07-13 12:07:08.476791
LP002813,0,1,1,1,19484,0.0,600.0,360.0,1,1,0,1,0,0,1,0,0,2023-07-14 12:07:08.476791
LP002820,1,1,1,0,5923,2054.0,211.0,360.0,1,1,1,0,0,1,0,0,0,2023-07-15 12:07:08.476791
LP002821,1,0,0,1,5800,0.0,132.0,360.0,1,1,0,1,0,1,0,0,0,2023-07-16 12:07:08.476791
LP002832,1,1,1,0,8799,0.0,258.0,360.0,0,0,0,0,1,0,0,1,0,2023-07-17 12:07:08.476791
LP002833,1,1,0,0,4467,0.0,120.0,360.0,1,1,1,0,0,1,0,0,0,2023-07-18 12:07:08.476791
LP002836,1,0,1,0,3333,0.0,70.0,360.0,1,1,0,0,1,1,0,0,0,2023-07-19 12:07:08.476791
LP002837,1,1,1,0,3400,2500.0,123.0,360.0,0,0,1,0,0,0,0,0,1,2023-07-20 12:07:08.476791
LP002840,0,0,1,0,2378,0.0,9.0,360.0,1,0,0,0,1,1,0,0,0,2023-07-21 12:07:08.476791
LP002841,1,1,1,0,3166,2064.0,104.0,360.0,0,0,0,0,1,1,0,0,0,2023-07-22 12:07:08.476791
LP002842,1,1,1,0,3417,1750.0,186.0,360.0,1,1,0,0,1,0,1,0,0,2023-07-23 12:07:08.476791
LP002847,1,1,1,0,5116,1451.0,165.0,360.0,0,0,0,0,1,1,0,0,0,2023-07-24 12:07:08.476791
LP002855,1,1,1,0,16666,0.0,275.0,360.0,1,1,0,0,1,0,0,1,0,2023-07-25 12:07:08.476791
LP002862,1,1,0,0,6125,1625.0,187.0,480.0,1,0,0,1,0,0,0,1,0,2023-07-26 12:07:08.476791
LP002863,1,1,1,0,6406,0.0,150.0,360.0,1,0,0,1,0,0,0,0,1,2023-07-27 12:07:08.476791
LP002868,1,1,1,0,3159,461.0,108.0,84.0,1,1,0,0,1,0,0,1,0,2023-07-28 12:07:08.476791
LP002872,1,1,1,0,3087,2210.0,136.0,360.0,0,0,0,1,0,1,0,0,0,2023-07-29 12:07:08.476791
LP002874,1,0,1,0,3229,2739.0,110.0,360.0,1,1,0,0,1,1,0,0,0,2023-07-30 12:07:08.476791
LP002877,1,1,1,0,1782,2232.0,107.0,360.0,1,1,1,0,0,0,1,0,0,2023-07-31 12:07:08.476791
LP002888,1,0,1,0,3182,2917.0,161.0,360.0,1,1,0,0,1,1,0,0,0,2023-08-01 12:07:08.476791
LP002892,1,1,1,0,6540,0.0,205.0,360.0,1,1,0,1,0,0,0,1,0,2023-08-02 12:07:08.476791
LP002893,1,0,1,0,1836,33837.0,90.0,360.0,1,0,0,0,1,1,0,0,0,2023-08-03 12:07:08.476791
LP002894,0,1,1,0,3166,0.0,36.0,360.0,1,1,0,1,0,1,0,0,0,2023-08-04 12:07:08.476791
LP002898,1,1,1,0,1880,0.0,61.0,360.0,1,0,1,0,0,0,1,0,0,2023-08-05 12:07:08.476791
LP002911,1,1,1,0,2787,1917.0,146.0,360.0,0,0,1,0,0,0,1,0,0,2023-08-06 12:07:08.476791
LP002912,1,1,1,0,4283,3000.0,172.0,84.0,1,0,1,0,0,0,1,0,0,2023-08-07 12:07:08.476791
LP002916,1,1,1,0,2297,1522.0,104.0,360.0,1,1,0,0,1,1,0,0,0,2023-08-08 12:07:08.476791
LP002917,0,0,0,0,2165,0.0,70.0,360.0,1,1,0,1,0,1,0,0,0,2023-08-09 12:07:08.476791
LP002925,1,0,1,0,4750,0.0,94.0,360.0,1,1,0,1,0,1,0,0,0,2023-08-10 12:07:08.476791
LP002926,1,1,1,1,2726,0.0,106.0,360.0,0,0,0,1,0,0,0,1,0,2023-08-11 12:07:08.476791
LP002928,1,1,1,0,3000,3416.0,56.0,180.0,1,1,0,1,0,1,0,0,0,2023-08-12 12:07:08.476791
LP002931,1,1,1,1,6000,0.0,205.0,240.0,1,0,0,1,0,0,0,1,0,2023-08-13 12:07:08.476791
LP002933,1,0,1,1,9357,0.0,292.0,360.0,1,1,0,1,0,0,0,0,1,2023-08-14 12:07:08.476791
LP002936,1,1,1,0,3859,3300.0,142.0,180.0,1,1,1,0,0,1,0,0,0,2023-08-15 12:07:08.476791
LP002938,1,1,1,1,16120,0.0,260.0,360.0,1,1,0,0,1,1,0,0,0,2023-08-16 12:07:08.476791
LP002940,1,0,0,0,3833,0.0,110.0,360.0,1,1,1,0,0,1,0,0,0,2023-08-17 12:07:08.476791
LP002941,1,1,0,1,6383,1000.0,187.0,360.0,1,0,1,0,0,0,0,1,0,2023-08-18 12:07:08.476791
LP002943,1,0,1,0,2987,0.0,88.0,360.0,0,0,0,1,0,1,0,0,0,2023-08-19 12:07:08.476791
LP002945,1,1,1,1,9963,0.0,180.0,360.0,1,1,1,0,0,1,0,0,0,2023-08-20 12:07:08.476791
LP002948,1,1,1,0,5780,0.0,192.0,360.0,1,1,0,0,1,0,0,1,0,2023-08-21 12:07:08.476791
LP002949,0,0,1,0,416,41667.0,350.0,180.0,1,0,0,0,1,0,0,0,1,2023-08-22 12:07:08.476791
LP002950,1,1,0,0,2894,2792.0,155.0,360.0,1,1,1,0,0,1,0,0,0,2023-08-23 12:07:08.476791
LP002953,1,1,1,0,5703,0.0,128.0,360.0,1,1,0,0,1,0,0,0,1,2023-08-24 12:07:08.476791
LP002958,1,0,1,0,3676,4301.0,172.0,360.0,1,1,1,0,0,1,0,0,0,2023-08-25 12:07:08.476791
LP002959,0,1,1,0,12000,0.0,496.0,360.0,1,1,0,1,0,0,1,0,0,2023-08-26 12:07:08.476791
LP002960,1,1,0,0,2400,3800.0,128.0,180.0,1,0,0,0,1,1,0,0,0,2023-08-27 12:07:08.476791
LP002961,1,1,1,0,3400,2500.0,173.0,360.0,1,1,0,1,0,0,1,0,0,2023-08-28 12:07:08.476791
LP002964,1,1,0,0,3987,1411.0,157.0,360.0,1,1,1,0,0,0,0,1,0,2023-08-29 12:07:08.476791
LP002974,1,1,1,0,3232,1950.0,108.0,360.0,1,1,1,0,0,1,0,0,0,2023-08-30 12:07:08.476791
LP002978,0,0,1,0,2900,0.0,71.0,360.0,1,1,1,0,0,1,0,0,0,2023-08-31 12:07:08.476791
LP002979,1,1,1,0,4106,0.0,40.0,180.0,1,1,1,0,0,0,0,0,1,2023-09-01 12:07:08.476791
LP002983,1,1,1,0,8072,240.0,253.0,360.0,1,1,0,0,1,0,1,0,0,2023-09-02 12:07:08.476791
LP002984,1,1,1,0,7583,0.0,187.0,360.0,1,1,0,0,1,0,0,1,0,2023-09-03 12:07:08.476791
LP002990,0,0,1,1,4583,0.0,133.0,360.0,0,0,0,1,0,1,0,0,0,2023-09-04 12:07:08.476791
